company,ticker,cik,filing_date,event_type,person_name,title,effective_date
Apple Inc.,AAPL,0000320193,2026-04-20,departure,Tim Cook,Chief Executive Officer,2026-09-01
Apple Inc.,AAPL,0000320193,2026-04-20,appointment,John Ternus,Chief Executive Officer,NOT_FOUND
Apple Inc.,AAPL,0000320193,2026-04-20,appointment,Art Levinson,Lead Independent Director,NOT_FOUND
Apple Inc.,AAPL,0000320193,2026-01-02,appointment,Ben Borders,Principal Accounting Officer,2026-01-01
Apple Inc.,AAPL,0000320193,2025-12-05,appointment,Jennifer Newstead,NOT_FOUND,NOT_FOUND
Apple Inc.,AAPL,0000320193,2025-12-05,departure,Kate Adams,NOT_FOUND,NOT_FOUND
Microsoft Corporation,MSFT,0000789019,2026-06-05,departure,Reid Hoffman,member of the Board of Directors,NOT_FOUND
Microsoft Corporation,MSFT,0000789019,2026-05-14,appointment,Carmine Di Sibio,member of the Board of Directors,2026-05-13
Microsoft Corporation,MSFT,0000789019,2025-09-30,departure,Carlos A. Rodriguez,member of the Board of Directors,NOT_FOUND
NVIDIA Corporation,NVDA,0001045810,2026-07-02,departure,Worldwide Field,NOT_FOUND,NOT_FOUND
NVIDIA Corporation,NVDA,0001045810,2026-07-02,appointment,Nicholas Parker,Executive Vice President,NOT_FOUND
NVIDIA Corporation,NVDA,0001045810,2026-05-08,appointment,Suzanne Nora Johnson,member of the Board of Directors,2026-07-13
NVIDIA Corporation,NVDA,0001045810,2026-04-27,departure,Donald Robertson,Vice President,2026-05-04
NVIDIA Corporation,NVDA,0001045810,2026-04-27,appointment,Scott Gawel,NOT_FOUND,2026-05-04
NVIDIA Corporation,NVDA,0001045810,2026-01-23,departure,Persis Drell,member of the Board of Directors,2026-01-23
JPMorgan Chase & Co.,JPM,0000019617,2026-06-25,appointment,Troy Rohrbaugh,President,2026-06-25
JPMorgan Chase & Co.,JPM,0000019617,2026-06-25,appointment,Doug Petno,President,2026-06-25
JPMorgan Chase & Co.,JPM,0000019617,2026-06-25,departure,Marianne Lake,NOT_FOUND,NOT_FOUND
JPMorgan Chase & Co.,JPM,0000019617,2025-12-08,departure,Todd A. Combs,member of the Board of Directors,2025-12-07
JPMorgan Chase & Co.,JPM,0000019617,2025-12-08,departure,NOT_FOUND,NOT_FOUND,NOT_FOUND
Walmart Inc.,WMT,0000104169,2026-01-16,appointment,David Guggina,"Executive Vice President, President and Chief Executive Officer",2026-02-01
Walmart Inc.,WMT,0000104169,2026-01-16,appointment,John Furner,President and Chief Executive Officer,2025-11-14
Walmart Inc.,WMT,0000104169,2026-01-16,departure,Kathryn McLay,"Executive Vice President, President and Chief Executive Officer",2026-01-31
Walmart Inc.,WMT,0000104169,2026-01-16,appointment,Christopher Nicholas,"Executive Vice President, President and Chief Executive Officer",NOT_FOUND
Walmart Inc.,WMT,0000104169,2026-01-16,appointment,Latriece Watkins,"Executive Vice President, President and Chief Executive Officer",NOT_FOUND
Walmart Inc.,WMT,0000104169,2026-01-08,appointment,Shishir Mehrotra,member of the Board of Directors,2026-01-08
Walmart Inc.,WMT,0000104169,2025-11-14,departure,C. Douglas McMillon,NOT_FOUND,2026-01-31
Walmart Inc.,WMT,0000104169,2025-11-14,appointment,John R. Furner,member of the Board of Directors,2026-02-01
Walmart Inc.,WMT,0000104169,2025-10-22,appointment,Dwayne Milum,Senior Vice President and Controller,2026-02-01
Walmart Inc.,WMT,0000104169,2025-10-22,appointment,David Chojnowski,"Senior Vice President, Treasurer",NOT_FOUND
